id,Original Sentence,Human 1 Writing,Human 1,Human 2 Writing,Human 2,GPT-3-zero-shot,GPT-3-few-shot,Muss,T5-3B,T5-11B
0,"The architecture of Winchester College is a diverse set of architectural styles, reflecting the multiple periods of building from the college's foundation in 1382, through additions in the medieval and Early Modern periods, to a major expansion of accommodation in the Victorian era and then further extensions at the turn of the 20th century and more recently.","The buildings of Winchester College have diverse architectural styles. || They reflect multiple periods of building from the college’s founding in 1382, through additions in the medieval and early modern periods. || They also show big expansions to accommodations in the Victorian era and at the beginning of the 20th century and more recently.",rachel,Winchester College’s architecture includes a variety of architectural styles. || This reflects multiple periods of building from when the college was founded in 1382 way until its most recent extensions. || This includes additions made during the medieval and Early Modern periods and a major expansion of accommodation in the Victorian era.,vishnesh,"Winchester College was founded in 1382, and has since gone through different phases of construction, featuring a variety of architectural styles from Medieval, Early Modern, Victorian to 20th century.","Winchester College was built in several architectural styles over its long history, beginning in 1382. || Additions and extensions were made in the medieval and Early Modern periods, and then more additions in the Victorian era and again in the 20th century.","The architecture of Winchester College is a diverse set of architectural styles, reflecting the multiple periods of building from the college's foundation in 1382, to a major expansion of accommodation at the turn of the 20th century and to further extensions at the end of the 20th century, to the present day.","The architecture of Winchester College is a diverse set of styles, reflecting the multiple periods of building from the college's foundation in 1382, through additions in the medieval and Early Modern periods, to a major expansion in the Victorian era and then further extensions at the turn of the 20th century and more recently.","The architecture of Winchester College is a diverse set of architectural styles, reflecting the many periods of building from the college's foundation in 1382, through additions in the medieval and early modern periods, to a major expansion of accommodation in the Victorian era and then further extensions at the turn of the 20th century and more recently."
1,"Bone has published numerous books including Fantastic Fungi Community Cookbook (2021), which includes recipes by wild mushroom foragers, mycologists, and chefs specializing in mushroom-based dishes. ","Bone has published books which include recipes by foragers, mycologists, and chefs that involve mushroom-based dishes.",ayush,"Bone has published numerous books. || Fantastic Fungi Community Cookbook (2021) has recipes by wild mushroom foragers, mycologists, and chefs who make mushroom-based dishes.",kelly,"Bone has published several books, notably Fantastic Fungi Community Cookbook (2021). || This book includes recipes from wild mushroom foragers, mycologists, and chefs who specialize in mushroom-based dishes.","Bone has written many books, like the Fantastic Fungi Community Cookbook (2021). || It has recipes from foragers, scientists, and chefs who specialize in dishes with mushrooms.","Bone has published many books including Fantastic Fungi Community Cookbook (2021). || This book has recipes from wild mushroom foragers, mycologists, and other people who study mushrooms.","Bone has published numerous books including "" Fantastic Fungi Community Cookbook "" (2021). || This book includes recipes by wild mushroom foragers, mycologists, and chefs specializing in mushroom-based dishes.","Bone has published many books including "" Fantastic Fungi Community Cookbook "", which includes recipes by wild mushroom foragers, mycologists, and chefs specializing in mushroom-based dishes."
2,"In Marriages and Infidelities, Oates explicitly alludes to novellas and short stories by earlier writers, making use of either their titles or their themes and adapting them in accordance with her artistic intentions.","Oates references short stories written by earlier writers in her book, Marriages and Infidelities. || She does this by using the stories’ titles or themes and changing them to match her artistic goals.",vishnesh,"In Marriages and Infidelities, Oates hints to novellas and short stories by earlier writers. || She uses their titles or their themes and adapts them to fit with her artistic intentions.",kelly,"In Marriages and Infidelities, Oates references novellas and short stories written by earlier authors, which she adapts to meet her artistic goals.","In Marriages and Infidelities, Oates takes ideas from novellas and short stories written by earlier authors and creates her own versions according to her artistic goals.","In Marriages and Infidelities, Oates uses many short stories and novellas by earlier writers. || She uses their titles or their themes, and changes them to fit her own ideas of what is important.","In "" Marriages and Infidelities "" Oates uses short stories and novellas as inspiration for her work.","In "" Marriages and Infidelities "", Oates refers to novellas and short stories by earlier writers. || She uses either their titles or their themes, and adapts them in accordance with her artistic intentions."
3,"Two sisters, Leah and Chantrelle, and their acquaintance Hosanna catch a steamboat from Saint Ann Parish in Jamaica to the United Kingdom, arriving in London's Notting Hill before moving to the Midlands.","Sisters, Leah and Chantrelle, and their acquaintance Hosanna ride a steamboat from Saint Ann Parish in Jamaica to the United Kingdom. || They arrive in London’s Notting Hill before moving to the Midlands.",rachel,"Two sisters, Leah and Chantrelle, as well as their friend Hosanna catch a boat from Jamaica to London. || Then, they will move to the midlands.",anton,"Leah, Chantrelle, and Hosanna boarded a steamship in Jamaica to sail to the UK. || They arrived in London's Notting Hill and then relocated to the Midlands.","Two sisters, Leah and Chantrelle, and their friend Hosanna took a steamboat from Saint Ann Parish in Jamaica to the United Kingdom. || They landed in London's Notting Hill, then relocated to the Midlands.","Two sisters, Leah and Chantrelle, and their friend Hosanna travel by steamboat from Jamaica to the United Kingdom. || They arrive in London's Notting Hill before going to the Midlands.","Two sisters, Leah and Chantrelle, and their friend Hosanna catch a steamboat from Saint Ann Parish in Jamaica to the United Kingdom. || It arrives in London's Notting Hill before moving to the Midlands.","Two sisters, Leah and Chantrelle, and their friend Hosanna, catch a steamboat from Saint Ann Parish in Jamaica to the United Kingdom. || They arrive in London's Notting Hill before moving to the Midlands."
4,"Repeatedly besieged during the War of Restoration of Independence, it was during the siege of the city of Elvas, led by the Spanish commander Don Luis de Haro in 1658, that the fort stood out for its defenders' heroic resistance.","Repeatedly attacked during the War of Restoration of Independence, it was during the attack on the city of Elvas that the fort stood out for its heroic resistance.",ayush,"During the War of Restoration of Independence, the fort was repeatedly attacked. || The fort stood out for its historic resistance during the siege of the city of Elvas, which Spanish commander Don Luis de Haro led in 1658.",rachel,"The city of Elvas was besieged multiple times during the War of Restoration of Independence, but in 1658 Don Luis de Haro led a particularly memorable siege. || The fort was particularly noted for its heroic defenders who successfully defended the area.","During the War of Restoration of Independence, Elvas was besieged multiple times. || In 1658, Spanish commander Don Luis de Haro led a siege against the city. || The fort's defenders showed great courage and refused to surrender.","It was often attacked during the War of Restoration of Independence. || In 1658, the Spanish commander Don Luis de Haro attacked the city of Elvas, and the defenders of the fort gave their lives to save the city.","It was besieged repeatedly during the War of Restoration of Independence. || During the siege of the city of Elvas led by the Spanish commander Don Luis de Haro in 1658, the fort stood out for its defenders'heroic resistance.","Repeatedly besieged during the War of Restoration of Independence, it was during the siege of the city of Elvas led by the Spanish commander Don Luis de Haro in 1658 that the fort stood out for its defenders'heroic resistance."
5,"Nasepia has an appearance similar to that of most other Erniettomorphs from Namibia, with it having a leaf-like body with thin ribs and spindle-shaped bodies, however it differentiates itself from other taxa such as Pteridinium and Rangea in the sense that it has smaller petaloids and with the configuration of the ribs being sub-parallel to its axis.","Nasepia looks similar to other types of fossils from Namibia, with a leaf-like body, thin ribs, and rod shaped bodies. || However, it is different from other similar fossil classes because it has smaller petals and a different rib configuration.",anton,"Nasepia looks similar to other Ernettiomorphs. || It is similar due to its overall leaf-like body and thin ribs, but is different due to its smaller petaloids and the location of its ribs.",vinayak,"Nasepia has a leaf-like body, thin ribs, and spindle-shaped bodies, similar to most other Erniettomorphs from Namibia. || However, it is distinguished from other taxa like Pteridinium and Rangea by its smaller petaloids and the ribs being sub-parallel to its axis.","Nasepia looks like most other Erniettomorphs from Namibia, with a leaf-like body and thin ribs and spindle-shaped bodies. || However, it has smaller petaloids and the configuration of its ribs run close to its axis, which sets it apart from Pteridinium and Rangea.",Nasepia has a leaf-like body with thin ribs and spindle-shaped bodies. || It differentiates itself from other taxa such as Pteridinium and Rangea in the sense that it has smaller petaloids and with the configuration of the ribs being sub-parallel to its axis. || The petaloids are the parts of the plant that stick out from the body.,Nasepia has an appearance similar to that of most other Erniettomorphs from Namibia. || It has a leaf-like body with thin ribs and spindle-shaped bodies.,Nasepia looks similar to other erniettomorphs from Namibia. || It has a leaf-like body with thin ribs and spindle-shaped bodies.
6,"Republicans have blamed the increase in violent crime and homicides in 2020 and 2021 on progressives and liberals, although Biden had previously rejected calls to ""defund the police"", a slogan supported by racial justice protesters.","Republicans blamed the increase in violent crime in 2020 and 2021 on Democrats. || However, Biden has refused to “defund the police”, a slogan supported by racial justice protesters.",rachel,"Republicans have blamed the increase in violent crime on progressives and liberals. || However,  Biden had rejected calls from racial justice protesters to “defund the police.”",vinayak,"Republicans have attributed the rise in violent crime and homicides in 2020 and 2021 to progressives and liberals, whereas Biden had declined to support the ""defund the police"" slogan, favored by racial justice activists.","Republicans have said that progressives and liberals are responsible for the rise in violent crime and homicides in 2020 and 2021, although Biden had previously said no to cutting funds for the police, which many racial justice protesters supported.","Republicans have blamed the increase in violent crime and homicides in 2020 and 2021 on progressives and liberals. || However, Biden has said that he would not do anything to make the police less needed.","Republicans have blamed the increase in violent crime and homicides in 2020 on progressives and liberals. || Biden previously rejected calls to ""defund the police "", a slogan supported by racial justice protesters.","Republicans have blamed the increase in violent crime and homicides in 2020 and 2021 on progressives and liberals, although Biden has previously rejected calls to ""defund the police "", a slogan supported by racial justice protesters."
7,"After defeating PSD candidate Viorica Dăncilă by a landslide in 2019, his second term has been marked by the COVID-19 pandemic and by tremendous political instability given the corrupt governments he has endorsed after the 2020 legislative elections, in their composition being also his closest political allies, the social democrats, which he has endorsed at governance even more than Ion Iliescu.","After winning in 2019, his second term was marked by the COVID-19 pandemic and by tremendous instability, since his closest political friends, which he also endorsed, were corrupt.",anton,"His second term was marked by the COVID-19 pandemic. || It was also marked by a lot of political instability because he supported corrupt governments after the 2020 elections. || These elections included his closest political allies, the social democrats, which he has supported a lot.",kelly,"Ion Iliescu was re-elected in 2019, winning by a landslide. || Since then, his second term has been challenged by the COVID-19 pandemic and the unstable political situation created by his corruption-tainted ally governments in 2020, including the Social Democrats which he has chosen to remain in power, even more than in his first term.","In 2019, Klaus Iohannis defeated PSD candidate Viorica Dăncilă by a large margin. || His second term has been marked by the COVID-19 pandemic and considerable political instability. || He has backed corrupt governments in the 2020 legislative elections, which include his closest allies - the social democrats, who he has even more strongly supported than Ion Iliescu.","His second term has been marked by the COVID-19 pandemic and by tremendous political instability given the corrupt governments he has endorsed after the 2020 legislative elections, in their composition being also his closest political allies, the social democrats, which he has endorsed at governance even more than Ion Iliescu.","After defeating PSD candidate Viorica Dăncilă by a landslide in 2019, his second term has been marked by the COVID-19 pandemic and by tremendous political instability given the corrupt governments he has endorsed after the 2020 legislative elections.","After defeating PSD candidate Viorica Dăncilă by a landslide in 2019, his second term has been marked by the COVID-19 pandemic and by tremendous political instability given the corrupt governments he has endorsed after the 2020 legislative elections, in their composition being also his closest political allies, the social democrats, which he has endorsed at governance even more than Ion Iliescu."
8,"Musk stated that Twitter Blue's pricing would be raised to around US$8.00 per-month, and include reduced advertising on the Twitter service, the ability to post longer audio and video files, and verified account status.","Musk said that Twitter Blue's price would increase to around US$8.00 per-month. || He said it would  include less advertising on Twitter, the ability to post longer audio and video files, and verified account status.",kelly,"Musk stated that Twitter Blue’s price would increase to around $8.00 USD per-month. || He also announced Twitter Blue would include less advertising, the ability to post longer audio and videos, and verified account status.",rachel,"Musk announced that Twitter Blue, which is usually priced at $8.00 monthly, would provide customers with the chance to post longer audio and video files, a verified account status, as well as reduced advertising.","Musk said that Twitter Blue would cost around US$8.00 per-month. || It includes fewer ads, the ability to upload audio and video of any length, and verified accounts.","Musk said that Twitter Blue's price would be raised to around US$8.00 per-month, and that people would be able to post longer audio and video files, and that the service would be more cost-effective.","Musk stated that Twitter Blue's prices would be raised to around US$8.00 per month, and include reduced advertising on the Twitter service, the ability to post longer audio and video files, and verified account status.","Musk stated that Twitter Blue's pricing would be raised to around US$8.00 per-month, and include reduced advertising on the Twitter service, the ability to post longer audio and video files, and verified account status."
9,"Musk also announced the creation of a ""content moderation council"" with diversified viewpoints to determine how the platform would handle free speech, and declared a moratorium on ""major content decisions or account reinstatements"" until then.","Musk announced the creation of a “content moderation council” with diverse viewpoints in order to determine how the platform would deal with free speech. || He announced a delay of “major content decisions or account reinstatements"" until then.",rachel,Musk said that he would create a “content moderation council” with many different perspectives to handle free speech on the platform. || He also declared that no “major content decisions or account reinstatements” would be made until the council was created.,vinayak,"Musk announced the formation of a ""content moderation council"" composed of individuals with different perspectives. || This council will decide how free speech should be handled on the platform. || Until then, no major changes to content or revivals of accounts will be made.","Musk announced the formation of a ""content moderation council"" with different opinions to decide how the platform should deal with free speech. || He also imposed a ""major content decision or account reinstatement"" moratorium until the council is formed.","Musk also said he would create a ""content moderation council"" with people with different views to decide how the platform should handle free speech. || He said he would not make any major content decisions or changes until then.","Elon Musk also announced the creation of a ""content moderation council"" to determine how the platform would handle free speech, and announced a moratorium on ""major content decisions or account reinstatements"" until then.","He announced the creation of a ""content moderation council"" with diversified viewpoints to determine how the platform would handle free speech, and declared a moratorium on ""major content decisions or account reinstatements"" until then."
10,"The book is illustrated with more than 200 newly commissioned color photographs by the British architectural photographer Morley von Sternberg, as well as older images where needed to illustrate buildings that have been significantly altered or demolished.",The book contains more than 200 newly commissioned color photographs by Morley von Sternbeg. || It also contains older images which show buildings that were changed significantly or destroyed.,vishnesh,The book has more than 200 new color photographs taken by the British architectural photographer Morley von Sternberg. || It also has older images to show buildings that have been changed a lot or destroyed.,kelly,"More than 200 brand-new, colored photographs have been taken by British architectural photographer Morley von Sternberg for this book. || Additionally, older images have been used to show buildings that have changed or been destroyed.",The book features more than 200 new color photographs taken by the British architectural photographer Morley von Sternberg. || It also includes older images of buildings that have been significantly altered or demolished.,"The book is illustrated with more than 200 newly commissioned color photographs by the British architectural photographer Morley von Sternberg, as well as older images that have not been used a lot since the book was first published.",The book has more than 200 newly commissioned colour photographs by the British architectural photographer Morley von Sternberg. || There are also older images where needed to show buildings that have been significantly altered or demolished.,The book is illustrated with more than 200 newly commissioned color photographs by the British architectural photographer Morley von Sternberg. || It also includes older images where needed to illustrate buildings that have been significantly altered or demolished.
11,"The last president to run after leaving office was Theodore Roosevelt, who came in second in the 1912 election as the presidential nominee of the Progressive Party, although Herbert Hoover did briefly seek the Republican presidential nomination at several national conventions subsequent to leaving office in 1933.",The last president who ran after leaving the presidential office was Theador Roosevelt. || He came in second in the 1912 election as the representative for the Progressive Party. || Herbert Hoover also tried to seek the Republican nomination after leaving office in 1933.,anton,"The last president to run after leaving office was Theodore Roosevelt, although Herbert Hoover did later seek the Republican presidential nomination in 1933.",ayush,"Theodore Roosevelt was the last former president to stand for election after leaving office. || He was the presidential nominee for the Progressive Party in 1912 and came in second. || After leaving office in 1933, Herbert Hoover tried to get the Republican nomination at several conventions.","Theodore Roosevelt was the last president to campaign for office after leaving the White House. || He ran for president in 1912, representing the Progressive Party and coming in second. || After he left office, Herbert Hoover did attempt to get the Republican nomination at a few conventions.","The last president to run after leaving office was Theodore Roosevelt, who ran in the 1912 election and came in second. || Herbert Hoover, the President of the United States, tried to run for president several times after leaving office, but he was not chosen by the Republican Party.",The last president to run after leaving office was Theodore Roosevelt.,"The last president to run after leaving office was Theodore Roosevelt, who came in second in the 1912 election as the presidential nominee of the Progressive Party."
12,"On November 5, 2022, FIFA sent out a letter to all participating nations telling them to cease and avoid any further or current discussion of Qatar's poor human rights records to ""respect all opinions and beliefs, without handing out moral lessons to the rest of the world"" and to ""focus on the football.""","On November 5, 2022, FIFA sent a letter to all of its participating nations. || This letter told them to stop discussing Qatar’s poor human rights records to “respect all opinions and beliefs, without handing out moral lessons to the rest of the world” and to “focus on the football.”.",vishnesh,"On November 5, 2022, FIFA sent a letter to all participating nations. || It told them to stop any discussion of Qatar’s poor human rights records, to “respect all opinions and beliefs, without handing out moral lessons to the rest of the world"", and to ""focus on the football.""",rachel,"FIFA told all participating nations to stop talking about Qatar's human rights records on November 5, 2022. || They wanted everyone to ""respect all opinions and beliefs without telling the rest of the world what to do"" and urged people to ""focus on the football.""","On November 5, 2022, FIFA asked all participating nations to stop and avoid any further talk about Qatar's poor human rights records. || They requested this out of respect for all opinions and beliefs, without trying to give moral advice to the rest of the world, and to focus on the game of football.","On November 5, 2022, FIFA sent out a letter to all participating nations telling them to stop talking about Qatar and to focus on the football. || The letter said that they should ""respect all opinions and beliefs, without handing out moral lessons to the rest of the world"".","On 5 November 2022, FIFA sent out a letter to all the nations in the FIFA World Cup, asking them to stop talking about Qatar's human rights problems and to ""focus on the football. ""","On 5 November 2022, FIFA sent out a letter to all participating nations asking them to stop criticising Qatar's poor human rights records and to ""respect all opinions and beliefs, without handing out moral lessons to the rest of the world ""."
13,"Drone footage released by the Islamic State showed bombs being dropped on an ammunitions facility located in Deir ez-Zor, Syria, an area of contested control between the Islamic State and the Syrian government at the time.",Drone video from the Islamic State showed bombs being dropped on a bullet/rocket storage in a contested part of Syria.,anton,"The Islamic State and the Syrian government were fighting to control an area in Syria called Deir ez-Zor. || During that time, the Islamic State released videos that showed bombs being dropped on a weapons storage facility in that area.",vishnesh,"Drone footage released by the Islamic State showed bombs being dropped on an ammunition store in Deir ez-Zor, Syria. || This area was being fought over by the Islamic State and the Syrian government when the attack occurred.","Drone footage from the Islamic State revealed bombs falling on an ammunitions facility in Deir ez-Zor, Syria. || This region was disputed between the Islamic State and the Syrian government at the time.","An Islamic State drone video showed bombs being dropped on an ammunitions facility in Deir ez-Zor, Syria. || The area has been under dispute between the Islamic State and the Syrian government for a long time.","Drone footage released by Islamic State showed bombs being dropped on an ammunitions facility in Deir ez-Zor, Syria. || This was an area of contested control between the Islamic State and the Syrian government at the time.","Drone footage released by the Islamic State showed bombs being dropped on an ammunitions facility in Deir ez-Zor, Syria."
14,"On November 2, 2022, Poland's Minister of National Defence Mariusz Blaszczak announces the construction of a barrier along the border with the Russian exclave of Kaliningrad, as Poland believes that Russia will use the border to illegally transport African and Asian immigrants to Europe.","On November 2, 2022, Poland’s Minister of National Defence announced the creation of a barrier along the border of a Russian exclave. || Poland believes Russia will use the border to transport illegal immigrants to Europe.",ayush,"Recently,  Poland’s Minister of National Defence announced that Poland will create a barrier along its border with the Russian exclave of Kaliningrad. || They aim to stop Russia from illegally transporting migrants to Europe.",vinayak,"On November 2, 2022, Poland's Minister of National Defence, Mariusz Blaszczak, proclaimed that they would build a wall along their border with the Russian region of Kaliningrad. || Poland suspects that Russia may use this border to smuggle African and Asian immigrants into Europe.","On November 2, 2022, Mariusz Blaszczak, Poland's Minister of National Defence, announced plans to build a barrier along the border with Kaliningrad, a Russian exclave. || Poland fears that Russia might use the border to smuggle African and Asian immigrants into Europe.","On November 2, 2022, Poland's Minister of National Defence Mariusz Blaszczak said that they would build a wall along the border with Russia's Kaliningrad because they thought that people from Russia were trying to enter Europe through that area.","On November 2, 2022, Poland's Minister of National Defence Mariusz Blaszczak announces the construction of a barrier along the border with the Russian exclave of Kaliningrad. || Poland believes that Russia will use the border to illegally transport African and Asian immigrants to Europe.","On November 2, 2022, Poland's Minister of National Defense Mariusz Blaszczak said Poland will build a barrier along the border with the Russian exclave of Kaliningrad."
15,"Major American and British oil producers reported record profits in 2022, rewarding their shareholders with dividends and stock buybacks rather than following their past practice of plowing profits back into more production.","American and British oil producers reported record profits in 2022. || However, they rewarded their shareholders with the extra money instead of investing the money back into the business.",vinayak,Major American and British oil producers reported record profits in 2022. || They rewarded shareholders with dividends and stock buybacks. || This is different from their past actions of using profits to increase production.,rachel,"Oil companies in the United States and UK announced exceptionally high profits in 2022. || As a result, they distributed dividends to their shareholders and repurchased stocks instead of reinvesting the money into additional production like they had done in the past.","In 2022, major oil producers in the US and UK earned record profits, giving money to their shareholders in the form of dividends and stock buybacks instead of reinvesting their profits in further production.","Major American and British oil producers reported record profits in 2022, rather than following their past practice of plowing profits back into more production, they rewarded their shareholders with dividends and stock buybacks.",Major American and British oil companies reported record profits in 2022. || They rewarded their shareholders with dividends and stock buybacks.,Major oil producers are expected to report record profits in 2022. || They will reward their shareholders with dividends and stock buybacks instead of plowing profits back into more production.
16,"In more recent practice, between the announcement of the nomination and the start of hearings, the Judiciary Committee undertakes an investigative stage in which committee members and their staffs prepare for the hearings by looking over the background of the nominees and relevant issues.","When the hearings start after nominations, the Judiciary Committee members and their staff look at the background of nominees.",ayush,The Judiciary Committee does an investigative stage between the announcement of the nomination and the start of hearings. || Committee members and their staffs get ready for the hearings by looking over the background of the nominees and relevant issues.,kelly,"After announcing the nomination, the Judiciary Committee begins an investigation to ensure they are prepared for the upcoming hearings. || This includes reviewing the nominee's background and any relevant issues.","More recently, after a nomination is announced, the Judiciary Committee completes an investigative stage to prepare for hearings. || During this stage, committee members and their staff review the nominees' backgrounds and any relevant issues.","In more recent practice, between the announcement of the nomination and the start of hearings, the Judiciary Committee and its staffs prepare for the hearings by looking over the background of the nominees and the issues that will be discussed in the hearings.","Between the announcement of the nomination and the start of hearings, the Judiciary Committee has an investigative stage. || Committee members and their staffs prepare for the hearings by looking over the background of the nominees and relevant issues.","In more recent practice, between the announcement of the nomination and the start of hearings, the Judiciary Committee undertakes an investigative stage. || Committee members and their staffs prepare for the hearings by looking over the background of the nominees and relevant issues."
17,"Unlike the first film adaptation, in which director Samuel Fuller entirely wrote out the character of Gary, replaced Seberg with a younger fictional actress, and recast the story as a horror film centred on the dog itself, Barbeau-Lavalette remained more faithful to the original book.","In the first movie adaptation, Samuel Fuller removed Gary, replaced Seberg with a younger fictional actress, and made the story center on the dog. || Meanwhile, Barbeay-Lavalette’s movie adaptation was closer to the original book.",anton,"Unlike the first film adaptation, which contained many changes, Barbeau-Lavalette’s film remained more faithful to the book.",vinayak,"The first film adaptation took several liberties with the original book, rewriting the character of Gary, replacing Seberg with a new actress, and refocusing the film as a horror movie based on the canine. || However, director Barbeau-Lavalette stayed truer to the source material.","Director Samuel Fuller removed the character of Gary and replaced Seberg with a different actor in the first film adaptation. || He also changed the story to make it a horror movie about the dog. || In contrast, director Barbeau-Lavalette stayed true to the original book.","Unlike the first movie, Barbeau-Lavalette did not change the character of Gary. || The first movie, directed by Samuel Fuller, changed the character of Gary, replaced Seberg with a younger actress, and made the story about the dog itself.","Unlike the first movie version, in which director Samuel Fuller entirely wrote out the character of Gary, replaced Seberg with a younger actress, and recast the story as a horror movie about the dog itself, Barbeau-Lavalette remained more faithful to the original book.","Unlike the first movie, Samuel Fuller entirely wrote out the character of Gary, replaced Seberg with a younger fictional actress, and recast the story as a horror movie centred on the dog itself, Barbeau-Lavalette remained more faithful to the original book."
18,"Described as a darkly comedic bio-pic, Emilia Jones was confirmed to be portraying the whistle-blower Reality Winner from a script written by Kerry Howley based on her own 2017 New York Magazine feature, ""Who Is Reality Winner?"" with Fogel also on board to direct.","Emilia Jones will play the whistle-blower Reality Winner from a script written by Kerry Howley. || It is based on her own feature, ""Who Is Reality Winner?"" || and Fogel will direct.",kelly,"In the New York Magazine movie, “Who is Reality Winner?”, Emilia Jones portrays the whistle-blower known as Reality Winner. || The script was written by Kerry Howley with Fogel directing.",anton,"Emilia Jones has been confirmed to play the part of Reality Winner, the whistleblower, in a darkly comedic bio-pic. || The script was written by Kerry Howley, based on her 2017 New York Magazine feature ""Who Is Reality Winner? || "", and Fogel will direct the film.","Emilia Jones has been cast to play the role of whistle-blower Reality Winner in a dark comedy biopic. || Kerry Howley wrote the script based on her own 2017 New York Magazine feature ""Who Is Reality Winner?"" || and Fogel is directing the film.","Described as a darkly comedic bio-pic, Emilia Jones was confirmed to be portraying the whistle-blower Reality Winner with Fogel also on board to direct from a script written by Kerry Howley based on her own 2017 New York Magazine feature.","It is described as a darkly comedic bio-pic. || Emilia Jones will play the whistle-blower Reality Winner from a script written by Kerry Howley based on her own 2017 New York Magazine feature, ""Who Is Reality Winner? || "".","Emilia Jones was confirmed to be portraying the whistle-blower Reality Winner from a script written by Kerry Howley based on her own 2017 New York Magazine feature, ""Who Is Reality Winner? || ""."
19,"There is general acknowledgment among the mediators, as well as some outside observers, that this agreement represents a step towards peace, but that true peace had yet to be fully realized.","There is agreement among meditators that this agreement is a step toward peace, but true peace hasn’t been realized yet.",ayush,"Outside observers and mediators think that this agreement is a step towards peace. || However, they think that true peace has not been fully realized yet.",vishnesh,"Many mediators and outside observers agree that this agreement is a step towards peace, but that true peace has not been achieved yet.","Mediators and outside observers agree this agreement is a move towards peace, but true peace still has not been reached.","There is general agreement among the mediators that this agreement is a step towards peace. || However, there is also agreement that true peace has not yet been realized.","The mediators, as well as some observers, think that this agreement is a step towards peace, but that true peace has not yet to be fully realized.","There is general agreement among the mediators, as well as some outside observers, that this agreement represents a step towards peace, but that true peace has yet to be fully realized."
20,"Whereas earlier major protests, which were violently quelled by Iran's government, focused on election results or economic woes, the current protest, besides increased rights for women, has one main demand: the overthrow of the Islamic Republic.","Earlier major protests focused on election results or economic problems and were violently stopped by Iran’s government. || In addition to increasing women’s rights, the current protest has one main demand: the overthrow of the Islamic Republic.",rachel,"Where earlier protests focused on election results or economic issues, the current protest, other than more rights for women, has one demand: get rid of the Islamic Republic.",ayush,"Earlier protests, which were forcefully put down by Iranian authorities, dealt with election results or financial difficulties. || Now, the current demonstration is demanding the collapse of the Islamic Republic, in addition to more rights for women.","Previous protests in Iran had been about election results and economic troubles, and the government had responded violently. || Now, protesters want more rights for women, but their main goal is to end the Islamic Republic.","Earlier major protests, which were violently quelled by Iran's government, focused on election results or economic problems. || The current protest, however, has one main demand: that the Islamic Republic be removed from power.","Unlike earlier major protests, which were violently quelled by Iran's government, the current protest, besides increased rights for women, has one main demand: the overthrowing of the Islamic Republic.","Earlier major protests, which were violently quelled by Iran's government, focused on election results or economic woes. || The current protest, besides increased rights for women, has one main demand: the overthrow of the Islamic Republic."
21,"In a difficult situation, it encouraged him to study Graphic Design in 2007, and he's been since as a Cinematographer in the film industry, also having a lot of experience with photography and experience in the field of graphic design.","A hard situation encouraged him to study Graphic Design in 2007. || Since then, he’s been a Cinematographer in the film industry. || He also has a lot of experience with photography and graphic design.",kelly,"During hard times, he was led to study Graphic Design, and after that became a cinematographer. || Also, he had a lot of experiences with photography and graphic design.",anton,"Facing a difficult situation in 2007, he decided to study Graphic Design. || Since then, he has been working as a Cinematographer in the film industry, and he has a lot of experience with photography and graphic design.","In 2007, his difficult circumstances encouraged him to pursue Graphic Design. || Since then, he has worked as a Cinematographer in the film industry and gained experience in both photography and graphic design.","In a difficult situation, it encouraged him to study Graphic Design in 2007. || Since then, he has worked as a cinematographer in the film industry. || He also has a lot of experience in graphic design and photography.","In a difficult situation, it encouraged him to study Graphic Design in 2007. || He is now working as a Cinematographer in the movie industry, also having a lot of experience with photography and experience in the field of graphic design.","In a difficult situation, it encouraged him to study Graphic Design in 2007. || He has been a cinematographer in the movie industry, also having a lot of experience with photography and experience in the field of graphic design."
22,"In addition to farming, Corbin has expanded his business to include agritourism, using his farm to host weddings, host corporate meetings, and attract visitors to a large annual Christmas-themed display.","Corbin has expanded his farming business to include agritourism. || He uses his farm to host weddings, corporate meetings, and a large annual Christmas-themed display.",rachel,"In addition to farming, Corbin’s business also offers agritourism. || Corbin uses his farm to host weddings, host corporate meetings, and attract visitors to a Christmas display every year.",kelly,"Corbin runs a farm, and has also opened it up to agritourism, holding weddings and business meetings there, as well as hosting a big Christmas event every year to draw in visitors.","Corbin's business has grown beyond farming to include agritourism. || This involves hosting weddings, corporate meetings, and a big holiday celebration open to visitors.","As well as farming, Corbin has started a small business called ""Agritourism"". || He uses his farm to host weddings, business meetings, and a big Christmas display every year.","In addition to farming, Corbin has expanded his business to include agritourism. || He uses his farm to host weddings, corporate meetings, and attract visitors to a large annual Christmas-themed display.","In addition to farming, Corbin has expanded his business to include agritourism. || He uses his farm to host weddings, host corporate meetings, and attract visitors to a large annual Christmas-themed display."
23,"An activist hiding his identity said the Egyptian authorities were carrying out random detentions ahead of COP, where they are randomly stopping people and inspecting their mobile phones to look for any evidence of dissent.","An activist said the Egyptian government was doing random phone searches ahead of a climate change conference. || During the search, they were looking for any evidence of dispute with the government.",anton,"An activist hiding his identity said Egyptian authorities were randomly interrogating people ahead of COP, such as randomly stopping people and inspecting their phones for dissent.",ayush,An anonymous activist stated that the Egyptian government was arresting people randomly before COP; they were stopping individuals and searching their phones for signs of disagreement.,A person who wanted to remain anonymous said the Egyptian government is randomly arresting people before a big gathering called COP. || They are checking people's phones to find out if anyone is opposing the government.,An activist who did not want to be named said the Egyptian government was holding random arrests ahead of COP. || He said they stopped people at random and checked their phones to look for evidence of dissent.,An activist hiding his identity said the Egyptian authorities were carrying out random detentions ahead of COP. || They are randomly stopping people and inspecting their mobile phones to look for any evidence of dissent.,An activist said the Egyptian authorities were carrying out random detentions ahead of Cop. || They are randomly stopping people and looking at their mobile phones to look for any evidence of dissent.
24,"Football fans around the world may find some apprehensions about going to the World Cup in Qatar because of the alcohol laws concerning consuming alcohol in public places, but World Cup organizers announce the creation of designated ""sobering up"" zones as a way to make fans feel safe and comfortable while attending the World Cup.","Football fans may not like going to the World Cup in Qatar because of its alcohol laws, but organizers announced the creation of “sobering up” zones to make fans feel safe while attending.",ayush,"Fans around the world are unsure about going to the World Cup in Qatar because of its alcohol laws. || In response, World Cup organizers say they will create “sobering up” zones to make fans feel safer.",vinayak,"Football fans may have concerns about going to the World Cup in Qatar due to its alcohol laws. || World Cup organizers have introduced designated ""sobering up"" zones to ensure fans feel secure and relaxed when attending.","Football fans may be worried about going to the World Cup in Qatar because of the laws about drinking alcohol in public places, but World Cup organizers have created ""sobering up"" zones to make sure fans feel safe and secure.","Football fans around the world may find some apprehensions about going to the World Cup in Qatar because of the alcohol laws, but World Cup organizers say that they will have ""sobering up"" zones where people will be told not to drink alcohol while watching the games.","Football fans around the world may be apprehensions about going to the World Cup in Qatar because of the alcohol laws. || However, World Cup organizers announced the creation of designated ""sobering up"" zones as a way to make fans feel safe and comfortable while attending the World Cup.","Football fans around the world may have some concerns about going to the World Cup in Qatar because of the alcohol laws in public places. || However, World Cup organizers announced the creation of designated ""sobering up"" zones as a way to make fans feel safe and comfortable while attending the World Cup."
25,"On 3 November 2022, the British Foreign Secretary James Cleverly announced that the UK and Mauritius had decided to begin negotiations on sovereignty over the British Indian Ocean Territory, taking into account the recent international legal proceedings.","On 3 November 2022, the British Foreign Secretary James Cleverly declared that Mauritius and the UK would begin talks to discuss control over the British Indian Ocean Territory. || This was taking into account the recent international legal proceedings.",vishnesh,"On November 3rd, 2022, the British Foreign Secretary said the UK and Mauritius were discussing granting independence over the British Indian Ocean Territory.",ayush,"On 3 November 2022, James Cleverly, the British Foreign Secretary, declared that the UK and Mauritius would start negotiations about who should have control over the British Indian Ocean Territory, considering the most recent international legal cases.","On 3 November 2022, UK Foreign Secretary James Cleverly stated that the UK and Mauritius had chosen to open negotiations regarding sovereignty of the British Indian Ocean Territory. || This decision was made taking recent international legal proceedings into consideration.","On 3 November 2022, the British Foreign Secretary James Cleverly said that the UK and Mauritius had decided to start talks to take over the British Indian Ocean Territory. || This was because of legal cases that were going on before.","On 3 November 2022, the British Foreign Secretary James Cleverly announced that the UK and Mauritius had decided to start talks about sovereignty over the British Indian Ocean Territory.","On 3 November 2022, the British Foreign Secretary James Cleverly announced that the UK and Mauritius had decided to begin negotiations on sovereignty over the British Indian Ocean Territory."
26,"Blogger DJ Akademiks held a three-hour stream in honor of Takeoff, in which he analyzed videos from the moment of the murder of Kirshnik, and also called for fighting the ideology of violence in hip-hop, including stop imitating rappers YNW Melly and Tay-K, who were convicted of murder.","Blogger DJ Akademiks held a three-hour long stream to honor Takeoff. || In this stream, he analyzed videos from the moment of Kirshnik’s murder. || He also asked people to challenge the use of violence in hip-hop and to stop copying rappers like YNW Melly and Tay-K who were convicted of murder.",vishnesh,"The blogger DJ Akademiks held a three hour stream to honor Takeoff, where he analyzed videos from the moment of Takeoff’s murder. || He also said we have to fight violence in hip-hop, and that we should not copy rappers like YNW Melly and Tay-K, who were murderers.",anton,"In honor of Takeoff, blogger DJ Akademiks hosted a three-hour stream in which he examined videos related to the murder of Kirshnik and promoted a shift away from the violent ideology found in hip-hop, including stopping the imitation of rappers YNW Melly and Tay-K who were both convicted of murder.","Blogger DJ Akademiks held a three-hour stream to honor Takeoff. || He dissected videos from the time of Kirshnik's murder and asked everyone to stop glorifying violence in hip-hop, such as that by rappers YNW Melly and Tay-K who were convicted of murder.","Blogger DJ Akademiks held a three-hour stream in honor of Takeoff, in which he analyzed videos from the moment of the murder of Kirshnik, and also called for people to stop copying rappers who were convicted of murder, including YNW Melly and Tay-K.","Blogger DJ Akademiks held a three-hour stream in honor of Takeoff, in which he analyzed videos from the moment of the murder, and also called for fighting the ideology of violence in hip hop, including stop imitating rappers YNW Melly and Tay-K, who were convicted of murder.","Blogger DJ Akademiks held a three-hour stream in honor of Takeoff, in which he analyzed videos from the moment of the murder of Kirshnik, and also called for fighting the ideology of violence in hip-hop, including stop imitating rappers YNW Melly and Tay-K, who were convicted of murder."
27,"Once inaugurated in January 2023, she will become the first female Governor of Massachusetts as well as the first openly lesbian woman and third openly LGBT person (after Kate Brown and Jared Polis) to take office as governor of a U.S. state.","She will officially start her position as Governor of Massachusetts in January 2023. || When this happens, she will become the first female Governor of Massachussets. || She will also be the first openly lesbian woman and third openly LGBT person to take office as governor of a U.S state.",vishnesh,She will become the first openly lesbian woman and third openly LBGT person to be governor of a U.S. state.,vinayak,"She will become the first female Governor of Massachusetts in January 2023, and the first openly lesbian governor of a U.S. state, along with the third openly LGBT person (after Kate Brown and Jared Polis).","In January 2023, she will be sworn in as the Governor of Massachusetts and will become the first female to do so. || She is also the first openly lesbian and third openly LGBT person after Kate Brown and Jared Polis to be elected governor of a US state.","When she takes office in January 2023, she will be the first woman governor of Massachusetts and the first openly lesbian governor of any U.S. state. || She will also be the first openly lesbian governor of any U.S. state.","When inaugurated in January 2023, she will become the first female Governor of Massachusetts as well as the first openly lesbian woman and third openly LGBT person to hold the office of governor of a U.S. state.","Once inaugurated in January 2023, she will become the first female Governor of Massachusetts. || She will also become the first openly lesbian woman and third openly LGBT person (after Kate Brown and Jared Polis) to take office as Governor of a U.S. state."
28,"The sitcom series features the story of Abi (played by Bolu Essien) who secures a job at a top advertising agency in Lagos, although she had a rough start with her superior, she soon got an opportunity to shine at work when she was promoted to become the acting manager after the manager traveled to another branch.","The sitcom series is about the story of Abi who gets a job at a top ad agency in Lagos. || Though she has a rough start with her superior, she gets a chance to shine at work when she is promoted to acting manager. || This happens because her manager travels to another branch.",vishnesh,"The sitcom series is about Abi, who gets a job at a top advertising agency in Lagos. || She eventually became acting manager after her hostile manager left to another location.",vinayak,"Abi (played by Bolu Essien) had a difficult beginning at a top Lagos advertising agency. || Despite this, she was promoted to become the temporary manager when the original manager had to go to a different branch.","Abi (played by Bolu Essien) is featured in the sitcom series. || At first, her supervisor was tough on her. || However, she was promoted to acting manager when the manager traveled to another branch, and this gave her an opportunity to show her abilities at work.","The sitcom series features the story of Abi (played by Bolu Essien) who secures a job at a top advertising agency in Lagos, although she had a rough start with her manager, she soon got a chance to show off her talent when she was promoted to become the acting manager of the agency.",The series features the story of Abi (played by Bolu Essien) who gets a job at a top advertising agency in Lagos. || She soon gets a chance to shine at work when she is promoted to become the acting manager after the manager travels to another branch.,The sitcom series features the story of Abi (Played by Bolu Essien) who gets a job at a top advertising agency in Lagos.
29,"However, upon Flynn's apparent success in securing sufficient backing to become council president, Arroyo released a statement that acted as an informal concession of sorts, giving strong praise to Flynn's kindness and work ethic, and declaring that he looked forward, ""to seeing how he utilizes those great qualities in this leadership role.""","When Flynn got support to become council president, Arroyo sent out a message. || The message was an informal concession that praised Flynn’s kindness and work ethic. || It also said that he looked forward, ""to seeing how he utilizes those great qualities in this leadership role.""",kelly,"When it was clear Flynn was going to be council president, Arroyo gave a concession speech. || He praised Flynn’s good qualities and said that he wants to see Flynn use these qualities while president.",vinayak,"Upon Flynn's success in getting enough support to become council president, Arroyo released a statement that was like a formal concession. || He commended Flynn's kindness and hard work, and expressed his expectation that Flynn will make use of these qualities in his leadership role.",Flynn had enough support to become council president. || Arroyo released a statement praising Flynn's kindness and work ethic. || He also said he was excited to see how Flynn used those qualities as a leader.,"However, after Flynn was able to get enough support to become council president, Arroyo said that he was happy for him. || Arroyo said that he was happy for Flynn's kindness and work ethic, and that he looked forward to seeing how Flynn used those qualities in his new job.","However, upon Flynn's apparent success in securing enough backing to become council president, Arroyo released a statement that acted as an informal concession of sorts, giving strong praise to Flynn's kindness and work ethic, and declaring that he looks forward, ""to seeing how he utilizes those great qualities in this leadership role. ""","However, upon Flynn's apparent success in securing sufficient backing to become council president, Arroyo released a statement that acted as an informal concession of sorts, giving strong praise to Flynn's kindness and work ethic, and declaring that he looked forward, ""to seeing how he utilizes those great qualities in this leadership role."
